train_0.jpg,3137184
train_1.jpg,3172362
train_2.jpg,3107076
train_3.jpg,2874963
train_4.jpg,2816245
train_5.jpg,1497688
train_6.jpg,1403657
train_7.jpg,1335911
train_8.jpg,1193869
train_9.jpg,1273146
train_10.jpg,909512
train_11.jpg,900021
train_12.jpg,872088
train_13.jpg,787645
train_14.jpg,795973
train_15.jpg,743852
train_16.jpg,66823414
train_17.jpg,61934302
train_18.jpg,64211074
train_19.jpg,62598351
train_20.jpg,2541446
train_21.jpg,2466061
train_22.jpg,2411634
train_23.jpg,2068766
train_24.jpg,2117984
train_25.jpg,152164
train_26.jpg,124207
train_27.jpg,124207
train_28.jpg,109919
train_29.jpg,109919
train_30.jpg,57739
train_31.jpg,298171
train_32.jpg,289092
train_33.jpg,291401
train_34.jpg,315551
train_35.jpg,339992
train_36.jpg,884467
train_37.jpg,870028
train_38.jpg,830431
train_39.jpg,758354
train_40.jpg,808441
train_41.jpg,747647
train_42.jpg,763969
train_43.jpg,701699
train_44.jpg,847546
train_45.jpg,782770
train_46.jpg,692259
train_47.jpg,1242760
train_48.jpg,1095224
train_49.jpg,963154
train_50.jpg,941877
train_51.jpg,2964163
train_52.jpg,2706397
train_53.jpg,2330076
train_54.jpg,3350083
train_55.jpg,2826277
train_56.jpg,2826277
train_57.jpg,1717102
train_58.jpg,14950970
train_59.jpg,1254325
