comp_0.jpg,21160
comp_1.jpg,7827
comp_2.jpg,22143
comp_3.jpg,12566
comp_4.jpg,4046
comp_5.jpg,1009
comp_6.jpg,5698
comp_7.jpg,26857
comp_8.jpg,45942
comp_9.jpg,49219
comp_10.jpg,7228
comp_11.jpg,6288
comp_12.jpg,1935
comp_13.jpg,2430
comp_14.jpg,4108
comp_15.jpg,5064
comp_16.jpg,12952
comp_17.jpg,17519
comp_18.jpg,17833
comp_19.jpg,3920
comp_20.jpg,687
comp_21.jpg,2943
comp_22.jpg,1138
comp_23.jpg,3393
comp_24.jpg,3274
comp_25.jpg,1305
comp_26.jpg,1224
comp_27.jpg,2127
comp_28.jpg,5004
comp_29.jpg,6182
comp_30.jpg,15643
comp_31.jpg,6382
comp_32.jpg,13415
comp_33.jpg,11897
comp_34.jpg,3052
comp_35.jpg,5567
comp_36.jpg,548
comp_37.jpg,8824
comp_38.jpg,2050
comp_39.jpg,4819
comp_40.jpg,15455
comp_41.jpg,7158
comp_42.jpg,4179
comp_43.jpg,4846
comp_44.jpg,14046
comp_45.jpg,9542
comp_46.jpg,7567
comp_47.jpg,3424
comp_48.jpg,370
comp_49.jpg,500
comp_50.jpg,19598
comp_51.jpg,29086
comp_52.jpg,17556
comp_53.jpg,5685
comp_54.jpg,1971
comp_55.jpg,536
comp_56.jpg,474
comp_57.jpg,811
