comp_0.jpg,1790094
comp_1.jpg,1551226
comp_2.jpg,1795354
comp_3.jpg,1632756
comp_4.jpg,1367241
comp_5.jpg,1077867
comp_6.jpg,1416286
comp_7.jpg,1781129
comp_8.jpg,1907695
comp_9.jpg,1961936
comp_10.jpg,1534384
comp_11.jpg,1490044
comp_12.jpg,1238596
comp_13.jpg,1304470
comp_14.jpg,1357419
comp_15.jpg,1403582
comp_16.jpg,1541116
comp_17.jpg,1664743
comp_18.jpg,1705641
comp_19.jpg,1336631
comp_20.jpg,993535
comp_21.jpg,1282086
comp_22.jpg,1074079
comp_23.jpg,1390614
comp_24.jpg,1362109
comp_25.jpg,1128762
comp_26.jpg,1152397
comp_27.jpg,1267118
comp_28.jpg,1384132
comp_29.jpg,1364559
comp_30.jpg,1639544
comp_31.jpg,1572767
comp_32.jpg,1680493
comp_33.jpg,1623039
comp_34.jpg,1388457
comp_35.jpg,1518670
comp_36.jpg,1039720
comp_37.jpg,1513001
comp_38.jpg,1248208
comp_39.jpg,1515401
comp_40.jpg,1662632
comp_41.jpg,1530504
comp_42.jpg,1337149
comp_43.jpg,1433399
comp_44.jpg,1589913
comp_45.jpg,1531212
comp_46.jpg,1477262
comp_47.jpg,1308098
comp_48.jpg,967144
comp_49.jpg,1005877
comp_50.jpg,1719175
comp_51.jpg,1810522
comp_52.jpg,1764508
comp_53.jpg,1442031
comp_54.jpg,1181429
comp_55.jpg,967124
comp_56.jpg,953195
comp_57.jpg,1040924
